Name,Area,Country,Latitude,Longitude,Zoom,Boundary
Bournemouth District,South West,England,50.7461661,-1.827507019,13,"[-1.860811,50.720613],[-1.754804,50.729332],[-1.750507,50.740869],[-1.841393,50.830603],[-1.903857,50.771195],[-1.903843,50.722419],[-1.860811,50.720613]"
Cornwall,South West,England,50.47289459,-4.9476215,9,"[-5.27441,50.101134],[-5.017187,50.157675],[-4.366605,50.361761],[-4.238867,50.413658],[-4.358868,50.630632],[-4.55018,50.828376],[-5.683177,50.122981],[-5.550621,50.105673],[-5.27441,50.101134]"
Devon Central,South West,England,50.89725735,-3.605298,9,"[-3.411279,50.619169],[-3.072145,50.705682],[-2.996463,50.783395],[-4.117864,51.210748],[-4.214022,51.040516],[-4.206073,51.017921],[-4.002015,50.738116],[-3.411279,50.619169]"
Plymouth,South West,England,50.38200705,-4.147725105,14,"[-4.142855,50.367774],[-4.140121,50.368],[-3.972942,50.384457],[-4.146647,50.548781],[-4.146831,50.547851],[-4.168034,50.379067],[-4.142855,50.367774]"
Poole and District,South West,England,50.75155586,-1.9477895,12,"[-1.930568,50.698211],[-1.905376,50.72786],[-1.898324,50.80484],[-1.988709,50.80135],[-1.997255,50.753519],[-1.983319,50.713752],[-1.930568,50.698211]"
Somerset,South West,England,51.18070476,-2.9671435,9,"[-2.963221,50.87283],[-2.79436,50.882896],[-2.624297,50.944037],[-2.452746,51.111804],[-2.482407,51.286193],[-2.717555,51.328284],[-2.974542,51.347141],[-2.978346,51.347092],[-3.481541,51.206087],[-3.228345,50.979593],[-2.963221,50.87283]"
South Devon,South West,England,50.44010043,-3.6380595,10,"[-3.777572,50.286344],[-3.57233,50.433591],[-3.568926,50.436177],[-3.517523,50.477034],[-3.4692,50.580326],[-3.675081,50.593359],[-3.75492,50.515027],[-3.777572,50.286344]"
West Dorset,South West,England,50.83278386,-2.447339,10,"[-1.962469,50.607857],[-2.197217,51.006554],[-2.27268,51.036335],[-2.407705,51.056632],[-2.93194,50.72524],[-2.464182,50.611956],[-1.962469,50.607857]"
Bristol and District,South Midlands,England,51.46905909,-2.64169693,12,"[-2.545108,51.410337],[-2.494984,51.438182],[-2.468403,51.456965],[-2.405205,51.540023],[-2.526293,51.608328],[-2.85776,51.43946],[-2.743521,51.412436],[-2.545108,51.410337]"
Chiltern and Thames,South Midlands,England,51.64100399,-0.735546,11,"[-0.585134,51.464162],[-0.506689,51.501974],[-0.542837,51.61953],[-0.61389,51.704914],[-0.785616,51.805316],[-0.840246,51.817159],[-0.866387,51.805716],[-0.964403,51.606399],[-0.642421,51.477545],[-0.585134,51.464162]"
Severn,South Midlands,England,51.85148312,-2.274856567,10,"[-2.158028,51.636393],[-1.69294,51.695189],[-1.691305,51.697473],[-1.724227,51.929635],[-1.943862,52.091813],[-2.254723,52.193431],[-2.426731,52.034088],[-2.61913,51.792699],[-2.549204,51.716684],[-2.458665,51.691115],[-2.158028,51.636393]"
South Midlands,South Midlands,England,51.82825145,-1.3416875,10,"[-1.417887,51.589022],[-1.229258,51.604264],[-0.981685,51.747789],[-0.988738,51.994614],[-1.146363,52.029525],[-1.339541,52.060139],[-1.647506,52.088274],[-1.70169,51.990187],[-1.646942,51.779343],[-1.631885,51.739718],[-1.58823,51.655811],[-1.417887,51.589022]"
Thames Valley,South Midlands,England,51.47517336,-1.0636525,11,"[-0.805356,51.348331],[-0.650401,51.408039],[-0.903638,51.535604],[-1.124602,51.601664],[-1.476904,51.488838],[-1.324811,51.395033],[-0.805356,51.348331]"
Wiltshire and Bath,South Midlands,England,51.40565213,-2.093582153,10,"[-2.080008,51.064906],[-1.798819,51.068999],[-1.513756,51.417387],[-1.705284,51.636769],[-2.096997,51.583815],[-2.497313,51.416833],[-2.49822,51.415633],[-2.47717,51.328742],[-2.080008,51.064906]"
East Herts or West Essex,Eastern,England,51.76253242,0.030461,11,"[0.05668,51.649588],[0.114715,51.70501],[0.13293,51.756532],[0.151807,51.811285],[0.17325,51.875195],[0.136152,51.874804],[-0.112328,51.854037],[-0.057891,51.706075],[-0.032986,51.689028],[0.05668,51.649588]"
Essex,Eastern,England,51.73000393,0.701065063,10,"[0.325883,51.479439],[0.784481,51.542211],[1.153147,51.797093],[0.876375,51.929853],[0.638435,51.945664],[0.360906,51.872001],[0.325883,51.479439]"
Fenland,Eastern,England,52.38860901,0.056991577,10,"[0.443834,52.084468],[0.493018,52.365603],[0.160622,52.663566],[-0.28275,52.601313],[-0.303109,52.541782],[-0.289963,52.213012],[0.443834,52.084468]"
Lea Valley,Eastern,England,51.73637847,-0.4398675,11,"[-0.346254,51.636574],[-0.281822,51.653669],[-0.214689,51.762566],[-0.215513,51.799006],[-0.385578,51.832505],[-0.46583,51.835963],[-0.663519,51.793255],[-0.665046,51.792464],[-0.468044,51.639161],[-0.346254,51.636574]"
Milton Keynes,Eastern,England,52.03968833,-0.74791,12,"[-0.742183,51.993507],[-0.728073,51.993922],[-0.647513,52.011835],[-0.726575,52.085501],[-0.848307,52.054599],[-0.742183,51.993507]"
North East Anglian,Eastern,England,52.51294374,1.064359,9,"[0.443834,52.084468],[1.736231,52.461245],[1.754392,52.477723],[1.728883,52.606212],[1.68944,52.696461],[1.295225,52.930117],[0.488814,52.937282],[0.400965,52.754067],[0.374326,52.603925],[0.443834,52.084468]"
North Herts and North Beds,Eastern,England,51.98288624,-0.2231075,10,"[-0.195116,51.78556],[0.159263,51.869283],[-0.022456,52.053453],[-0.604835,52.179347],[-0.195116,51.78556]"
North Thames,Eastern,England,51.55666233,0.3350405,11,"[0.321459,51.475418],[0.327621,51.47793],[0.485728,51.565301],[0.501682,51.589369],[0.413583,51.636981],[0.280237,51.639089],[0.187508,51.578456],[0.184353,51.564977],[0.19076,51.519066],[0.321459,51.475418]"
South Bedfordshire,Eastern,England,51.9134507,-0.503826141,12,"[-0.408768,51.872773],[-0.408023,51.872907],[-0.370242,51.892126],[-0.510406,52.010047],[-0.660637,51.918708],[-0.642588,51.905788],[-0.519881,51.886118],[-0.408768,51.872773]"
South East Anglian,Eastern,England,52.16133447,0.992889404,9,"[1.148893,51.786837],[1.245857,51.831023],[1.577283,52.207137],[1.675126,52.332116],[1.499124,52.338914],[0.518864,52.335236],[0.727599,52.038163],[1.148893,51.786837]"
Birmingham,Midlands,England,52.47117244,-1.900463104,12,"[-2.216565,52.193294],[-1.737003,52.386216],[-1.740078,52.517129],[-1.8232,52.570359],[-1.879046,52.543199],[-2.047799,52.448709],[-2.216565,52.193294]"
Black Country,Midlands,England,52.55151558,-2.098731995,11,"[-2.281194,52.340245],[-2.062939,52.44863],[-1.825065,52.683695],[-1.933826,52.758446],[-2.189493,52.625428],[-2.31235,52.372837],[-2.281194,52.340245]"
Coventry and Warwickshire,Midlands,England,52.40483446,-1.566317,10,"[-1.709143,52.188475],[-1.594353,52.197226],[-1.387161,52.253375],[-1.262866,52.367042],[-1.260101,52.375206],[-1.370612,52.541426],[-1.376646,52.541926],[-1.477346,52.526465],[-1.749384,52.375763],[-1.87479,52.215563],[-1.709143,52.188475]"
Derbyshire,Midlands,England,52.96310035,-1.61567688,10,"[-1.466191,52.728524],[-1.271191,52.898696],[-1.380865,53.098395],[-1.674869,53.211104],[-1.911894,53.257544],[-1.913914,53.252595],[-1.867241,52.897565],[-1.784014,52.807072],[-1.466191,52.728524]"
Lincolnshire,Midlands,England,53.16902124,-0.240325928,9,"[-0.476384,52.653545],[-0.293221,52.670756],[0.189962,52.768812],[0.346101,53.150041],[0.262459,53.34078],[-0.029256,53.55642],[-0.07112,53.569258],[-0.187082,53.585671],[-0.656543,53.584289],[-0.762088,53.39581],[-0.637722,52.911994],[-0.476384,52.653545]"
Northamptonshire,Midlands,England,52.30994617,-0.862083435,11,"[-0.985938,52.128771],[-0.5700557,52.2854924],[-0.688742,52.496989],[-0.719542,52.499585],[-0.922196,52.481151],[-1.161673,52.255047],[-0.985938,52.128771]"
Nottinghamshire or Leicestershire,Midlands,England,52.94853752,-1.175022125,12,"[-1.195294,52.550408],[-0.721938,52.587672],[-0.73124,52.672299],[-0.806288,53.075765],[-0.934186,53.327553],[-1.116375,53.301473],[-1.316755,53.070869],[-1.373657,52.72213],[-1.296116,52.627473],[-1.195294,52.550408]"
Potteries and District,Midlands,England,52.97200329,-2.334816,10,"[-2.265556,52.780865],[-1.790659,52.784529],[-1.639743,52.802435],[-1.609897,52.806098],[-2.025607,53.106787],[-2.21457,53.1623],[-2.369149,53.145156],[-2.451504,53.101517],[-2.519589,53.063828],[-2.681858,52.970343],[-2.265556,52.780865]"
"Blackpool, Fylde and Wyre",North West,England,53.79831896,-2.971973419,12,"[-2.962849,53.7364],[-2.963027,53.73755],[-2.99086,53.846804],[-3.024883,53.858832],[-3.043161,53.82593],[-3.049425,53.792682],[-3.031694,53.749367],[-2.995435,53.740398],[-2.962849,53.7364]"
Cheshire East,North West,England,53.37371775,-2.25528717,11,"[-2.457061,53.093183],[-1.985382,53.324793],[-1.950008,53.443965],[-2.062434,53.480596],[-2.59779,53.431899],[-2.595863,53.386747],[-2.541067,53.189172],[-2.457061,53.093183]"
Chester City,North West,England,53.19404501,-2.8860285,13,"[-2.916392,53.17797],[-2.837537,53.187028],[-2.869881,53.210114],[-2.927393,53.209347],[-2.93452,53.200356],[-2.916392,53.17797]"
East Lancs,North West,England,53.73409406,-2.3256035,10,"[-2.285601,53.550991],[-2.098983,53.645954],[-2.099201,53.712226],[-2.187062,53.916403],[-2.393066,53.866126],[-2.503894,53.749882],[-2.552224,53.598397],[-2.285601,53.550991]"
Liverpool City,North West,England,53.41843167,-2.940731049,12,"[-0.7257167,52.3955445],[-2.876703,53.469779],[-3.0278166,53.4982488],[-3.034634,53.488588],[-3.0346493,53.4882664],[-2.99487,53.407084],[-2.945521,53.376904],[-2.901003,53.356548],[-0.7257167,52.3955445]"
Manchester,North West,England,53.46689634,-2.24275589,12,"[-2.234033,53.303252],[-2.045643,53.517861],[-2.099061,53.575533],[-2.220947,53.592457],[-2.43485,53.598647],[-2.660542,53.585246],[-2.582427,53.368423],[-2.234033,53.303252]"
Merseyside and South West Lancs,North West,England,53.46884232,-2.824172974,10,"[-2.76791,53.27532],[-2.479771,53.380855],[-2.633606,53.547748],[-3.001556,53.647215],[-3.014697,53.643097],[-3.041204,53.602257],[-2.76791,53.27532]"
North East Wales,North West,England,53.16283245,-3.34602356,10,"[-3.174595,52.969857],[-3.067225,52.976788],[-2.97264,53.04378],[-2.889728,53.182272],[-2.884301,53.213783],[-3.423673,53.335769],[-3.814424,53.321026],[-3.174595,52.969857]"
North West,North West,England,54.14111527,-2.894210815,10,"[-2.595863,53.386747],[-2.028374,53.449671],[-2.278024,54.068612],[-2.820332,54.903696],[-2.940565,54.911326],[-3.498087,54.715753],[-3.546779,54.642511],[-3.571018,54.579878],[-2.971035,53.392268],[-2.595863,53.386747]"
Wirral,North West,England,53.34747302,-3.057289124,11,"[-2.901932,53.278858],[-3.04604,53.436947],[-3.178431,53.392073],[-2.947619,53.287178],[-2.901932,53.278858]"
Durham and Cleveland,North East,England,54.67010253,-1.383765,10,"[-1.54204,54.48597],[-1.142419,54.487527],[-0.883921,54.5536],[-1.312699,54.763237],[-1.320988,54.766707],[-1.593157,54.828081],[-1.832766,54.853404],[-1.883609,54.730321],[-1.925393,54.544348],[-1.54204,54.48597]"
Hull and East Riding,North East,England,53.88369713,-0.534896851,10,"[-0.880344,53.707963],[-0.32392,53.741269],[-0.171746,53.907052],[-0.208736,54.084081],[-0.777445,53.932327],[-0.880344,53.707963]"
North Yorkshire,North East,England,54.13963154,-1.3968695,9,"[-0.871338,53.741586],[-0.322931,54.180532],[-0.403013,54.273894],[-0.609329,54.481654],[-1.7365,54.40486],[-2.170889,53.856159],[-0.871338,53.741586]"
Northumberland,North East,England,55.24896329,-1.713180542,10,"[-1.589403,55.087358],[-1.541092,55.126617],[-1.712506,55.41723],[-2.014086,55.543704],[-1.68893,55.170378],[-1.589403,55.087358]"
South Yorkshire and North East Derbyshire,North East,England,53.39602781,-1.402130127,10,"[-1.361782,53.185101],[-1.017442,53.433429],[-1.09472,53.531109],[-1.476005,53.57974],[-1.633414,53.527474],[-1.537102,53.32593],[-1.459472,53.243311],[-1.361782,53.185101]"
Sunderland and District,North East,England,54.87491731,-1.392688751,12,"[-1.338014,54.837697],[-1.399695,54.893725],[-1.444833,54.872075],[-1.338014,54.837697]"
Tyne and Northumbria,North East,England,54.9695364,-1.578941345,11,"[-1.574477,54.860718],[-1.382028,54.908123],[-1.440614,55.041465],[-1.541506,55.068568],[-1.743683,55.050611],[-1.74287,54.982344],[-1.574477,54.860718]"
West Riding,North East,England,53.7675744,-1.543235779,11,"[-1.35381,53.610979],[-1.313778,53.68963],[-1.388304,53.932693],[-1.795815,53.925925],[-1.823948,53.924334],[-1.632177,53.691003],[-1.35381,53.610979]"
West Yorkshire,North East,England,53.75865789,-1.826820374,11,"[-1.81989,53.556654],[-1.6531,53.573607],[-1.632177,53.691003],[-1.768928,53.853066],[-2.019013,53.955694],[-2.015988,53.741001],[-1.81989,53.556654]"
Brighton Area,South East,England,50.82508252,-0.15329361,13,"[-0.04198,50.801792],[-0.035071,50.804455],[-0.146162,50.83338],[-0.189766,50.842041],[-0.273532,50.834201],[-0.272646,50.833606],[-0.04198,50.801792]"
East Kent,South East,England,51.21247016,1.071853638,10,"[0.685796,51.067482],[1.081526,51.070623],[1.183855,51.083592],[1.313025,51.125669],[1.402293,51.220244],[1.442375,51.360954],[1.384608,51.383642],[1.336541,51.382099],[1.129572,51.371845],[0.739831,51.340589],[0.735773,51.340207],[0.685796,51.067482]"
East Sussex,South East,England,50.85558071,0.152778625,11,"[0.279662,50.761848],[0.289238,50.768325],[0.304227,50.783306],[0.301089,50.802597],[0.110994,51.101784],[-0.000966,50.875909],[0.009155,50.790903],[0.094218,50.776312],[0.279662,50.761848]"
Hastings and Rother,South East,England,50.85644759,0.577919483,15,"[0.474133,50.84157],[0.576981,50.854759],[0.593325,50.858912],[0.593984,50.859779],[0.475328,50.853156],[0.474133,50.84157]"
Mid Surrey,South East,England,51.29423846,-0.584163666,12,"[-0.482399,51.14333],[-0.358387,51.152111],[-0.267903,51.234101],[-0.324259,51.299803],[-0.401208,51.38182],[-0.514423,51.435295],[-0.573053,51.427309],[-0.633758,51.398269],[-0.777416,51.327801],[-0.842588,51.259493],[-0.796594,51.214617],[-0.795316,51.214208],[-0.482399,51.14333]"
North East Surrey,South East,England,51.28393651,-0.102825165,12,"[0.064425,51.197216],[-0.041558,51.308689],[-0.115677,51.339555],[-0.147481,51.317498],[-0.212019,51.241624],[-0.20878,51.23767],[-0.196274,51.225571],[0.064425,51.197216]"
Northdown,South East,England,51.16858356,-1.229782104,10,"[-1.35247,50.965944],[-0.977418,51.146949],[-0.939559,51.253047],[-0.966321,51.281432],[-1.152307,51.35478],[-1.325994,51.346799],[-1.481315,51.207208],[-1.494166,51.191897],[-1.492084,51.128875],[-1.373893,50.985638],[-1.354684,50.966172],[-1.35247,50.965944]"
Solent,South East,England,50.83347136,-1.525382996,11,"[-1.587233,50.726054],[-1.262013,50.861409],[-1.358987,50.914282],[-1.501634,50.988706],[-1.787745,50.844043],[-1.666949,50.748754],[-1.587233,50.726054]"
Southdown,South East,England,50.84344722,-1.046104431,11,"[-1.198436,50.597084],[-0.785491,50.735938],[-0.670062,50.783115],[-0.634887,50.828726],[-0.743111,51.123824],[-0.863757,51.112627],[-1.209595,50.956405],[-1.519012,50.679866],[-1.198436,50.597084]"
West Kent,South East,England,51.27867252,0.504684448,10,"[0.268754,51.097541],[0.460418,51.112785],[0.733734,51.34021],[0.782254,51.421944],[0.373431,51.441821],[0.371757,51.441154],[0.369213,51.438732],[0.271879,51.193243],[0.261106,51.136003],[0.268754,51.097541]"
West Sussex,South East,England,50.99133918,-0.2879495,10,"[-0.538687,50.807318],[-0.369156,50.8109],[-0.233927,50.834498],[-0.11365,50.922927],[-0.01466,51.128534],[-0.019529,51.133296],[-0.165215,51.172049],[-0.561239,50.961504],[-0.543474,50.809923],[-0.538687,50.807318]"
City Of London,London (North),England,51.51650036,-0.088641644,15,"[-0.082952,51.510829],[-0.076899,51.515613],[-0.068095,51.525099],[-0.082407,51.53376],[-0.105462,51.523353],[-0.096277,51.515111],[-0.088558,51.511505],[-0.082952,51.510829]"
East London,London (North),England,51.5635123,0.033817291,12,"[-0.014519,51.504413],[0.0998652,51.5307365],[0.215253,51.563355],[0.094087,51.671073],[0.00361,51.631162],[-0.083638,51.530534],[-0.06895,51.518578],[-0.052098,51.512497],[-0.014519,51.504413]"
London Chelsea,London (North),England,51.48934665,-0.15827179,14,"[-0.149435,51.477385],[-0.13311,51.487035],[-0.132778,51.490582],[-0.149138,51.498152],[-0.157092,51.501335],[-0.183918,51.489784],[-0.180828,51.481643],[-0.149435,51.477385]"
London Kensington and Fulham,London (North),England,51.48728584,-0.198483467,14,"[-0.200884,51.473869],[-0.179662,51.481643],[-0.19069,51.51594],[-0.206912,51.49922],[-0.217853,51.483551],[-0.21473,51.475015],[-0.200884,51.473869]"
London North,London (North),England,51.56905103,-0.149517059,12,"[-0.10201,51.538405],[-0.046844,51.650013],[-0.047084,51.656594],[-0.179241,51.695106],[-0.204831,51.653312],[-0.186574,51.608699],[-0.174814,51.591788],[-0.10201,51.538405]"
London North East,London (North),England,51.55217669,-0.1141119,14,"[-0.086815,51.532816],[0.182338,51.581088],[0.200518,51.586935],[-0.068348,51.596073],[-0.107977,51.59269],[-0.134511,51.566023],[-0.137177,51.551624],[-0.111914,51.533592],[-0.086815,51.532816]"
London North Middlesex,London (North),England,51.57434943,-0.414476395,13,"[-0.476855,51.543474],[-0.3401,51.575942],[-0.335645,51.58232],[-0.338745,51.601392],[-0.482543,51.603534],[-0.477494,51.5479],[-0.476855,51.543474]"
London North West,London (North),England,51.53773508,-0.191488266,13,"[-0.197803,51.516481],[-0.14127,51.538271],[-0.132479,51.548291],[-0.190198,51.582134],[-0.223569,51.587311],[-0.266755,51.580592],[-0.211152,51.52095],[-0.197803,51.516481]"
London South Middlesex,London (North),England,51.47507579,-0.408039093,12,"[-0.486954,51.410152],[-0.411534,51.418515],[-0.260045,51.490715],[-0.303306,51.516463],[-0.348774,51.535871],[-0.43112,51.523925],[-0.472899,51.512842],[-0.518405,51.435822],[-0.486954,51.410152]"
London West End,London (North),England,51.51789655,-0.131964684,14,"[-0.151222,51.509058],[-0.126834,51.510828],[-0.090633,51.522278],[-0.14271,51.545692],[-0.194612,51.518069],[-0.151222,51.509058]"
London Westway,London (North),England,51.5046557,-0.23255825,14,"[-0.275527,51.489881],[-0.223227,51.491062],[-0.166456,51.524349],[-0.211152,51.52095],[-0.27298,51.507875],[-0.275527,51.489881]"
London Croydon Epsom and Sutton,London (South),England,51.35018618,-0.182218552,13,"[-0.247937,51.279657],[-0.00784,51.339155],[-0.096109,51.377988],[-0.247745,51.379733],[-0.267049,51.354347],[-0.274228,51.329535],[-0.247937,51.279657]"
London North Kent,London (South),England,51.42148314,0.1022425,12,"[0.03345,51.348841],[0.357941,51.364009],[0.234399,51.442576],[0.127351,51.49401],[-0.024145,51.408406],[-0.029914,51.404933],[-0.029228,51.377782],[0.03345,51.348841]"
London South,London (South),England,51.44357606,-0.135612488,13,"[-0.065102,51.389513],[-0.050546,51.412392],[-0.06845,51.490817],[-0.149138,51.498152],[-0.172348,51.437358],[-0.160403,51.406613],[-0.065102,51.389513]"
London South East (East),London (South),England,51.45502182,-0.022315979,13,"[-0.052445,51.424213],[0.047363,51.43699],[0.073266,51.48319],[0.066951,51.488446],[0.044314,51.492421],[-0.025268,51.481707],[-0.04749,51.476064],[-0.10346,51.431983],[-0.052445,51.424213]"
London South East (West),London (South),England,51.4766362,-0.094413757,13,"[-0.060447,51.42922],[-0.042712,51.433853],[-0.062548,51.473113],[-0.066192,51.479844],[-0.080975,51.498964],[-0.105105,51.496522],[-0.11221,51.481457],[-0.078846,51.433677],[-0.060447,51.42922]"
London South West,London (South),England,51.42163733,-0.270881653,13,"[-0.299215,51.358353],[-0.19222,51.396372],[-0.161381,51.436988],[-0.182608,51.458354],[-0.241865,51.475003],[-0.243301,51.475356],[-0.284857,51.479623],[-0.380743,51.484007],[-0.373993,51.417829],[-0.371758,51.402619],[-0.36423,51.367803],[-0.299215,51.358353]"
Cardiff and District,Wales and Borders,Wales,51.46994217,-3.20766449,12,"[-3.280249,51.417811],[-3.177472,51.437413],[-3.163188,51.524084],[-3.211973,51.5227],[-3.280249,51.417811]"
North West Wales,Wales and Borders,Wales,53.08777627,-4.1063295,10,"[-4.41739,52.888924],[-3.92323,52.903263],[-3.795147,53.140867],[-3.805355,53.285714],[-4.299431,53.261268],[-4.308344,53.256654],[-4.41739,52.888924]"
Shropshire,Wales and Borders,Wales,52.55840173,-2.688903809,10,"[-2.718523,52.365886],[-2.712088,52.367638],[-2.417214,52.534973],[-2.371177,52.670195],[-2.379961,52.758422],[-3.154864,52.660359],[-3.323015,52.515653],[-2.718523,52.365886]"
South East Wales,Wales and Borders,Wales,51.75466148,-3.175048828,10,"[-3.217737,51.574488],[-3.00281,51.582249],[-2.752884,51.59258],[-2.675883,51.64102],[-2.994931,51.832908],[-3.393722,51.953336],[-3.447894,51.7135],[-3.342169,51.602419],[-3.217737,51.574488]"
Swansea and District,Wales and Borders,Wales,51.61269165,-3.932418823,11,"[-3.706657,51.479424],[-3.578378,51.509539],[-3.661754,51.608442],[-3.8491,51.721793],[-4.246071,51.688101],[-4.041315,51.582045],[-3.706657,51.479424]"
Welsh Borders,Wales and Borders,Wales,52.07403099,-2.820739746,10,"[-3.00281,51.582249],[-2.313979,52.109379],[-2.208782,52.190108],[-2.227138,52.208825],[-3.010815,52.275748],[-3.119161,52.074021],[-3.00281,51.582249]"
West Wales,Wales and Borders,Wales,52.03136729,-4.400024414,9,"[-4.703033,51.671921],[-4.088691,51.793268],[-4.083393,52.114024],[-4.083147,52.416934],[-4.981801,51.991491],[-4.967892,51.801488],[-4.703033,51.671921]"
Borders and East Lothian,Scotland,Scotland,55.80710666,-2.662811279,10,"[-2.790706,55.420986],[-2.002891,55.772081],[-2.091499,55.870977],[-2.531898,56.000765],[-2.957328,55.970481],[-3.047987,55.942221],[-3.191685,55.65158],[-2.790706,55.420986]"
Cumbernauld and District,Scotland,Scotland,55.94710916,-4.006919861,14,"[-4.00254,55.935419],[-3.979206,55.944074],[-3.981867,55.958239],[-4.040492,55.959007],[-4.13964,55.940298],[-4.026324,55.935893],[-4.00254,55.935419]"
Edinburgh and Midlothian,Scotland,Scotland,55.94290403,-3.213329315,13,"[-3.28878,55.921818],[-3.208799,55.924377],[-3.056844,55.944864],[-3.167874,55.969452],[-3.217942,55.95973],[-3.282878,55.939824],[-3.28878,55.921818]"
Forth Valley,Scotland,Scotland,56.09138361,-3.79234314,11,"[-3.784888,56.00004],[-3.606036,56.012964],[-3.739757,56.153213],[-3.964738,56.18892],[-3.949043,56.130136],[-3.909084,56.024783],[-3.905099,56.023371],[-3.784888,56.00004]"
Lanarkshire,Scotland,Scotland,55.78749287,-4.016532898,12,"[-3.468463,55.638335],[-3.95938,55.824785],[-4.048282,55.830113],[-4.078358,55.831495],[-4.174808,55.770034],[-4.195012,55.755915],[-3.916802,55.667548],[-3.468463,55.638335]"
West Lothian,Scotland,Scotland,55.90746425,-3.589782715,11,"[-3.706402,55.82825],[-3.574279,55.849419],[-3.525062,55.874907],[-3.503195,55.89597],[-3.461109,55.957814],[-3.596536,55.978388],[-3.703207,55.897193],[-3.706402,55.82825]"
Aberdeen and District,East of Scotland,Scotland,57.24516091,-2.4154505,9,"[-2.215006,56.96764],[-2.091896,57.148417],[-2.043095,57.52033],[-2.78582,57.447553],[-2.505628,57.051785],[-2.215006,56.96764]"
Angus and District,East of Scotland,Scotland,56.58793648,-2.720131,10,"[-2.977262,56.458575],[-2.737249,56.498668],[-2.580327,56.560772],[-2.46664,56.713267],[-2.977262,56.458575]"
Dundee and Area,East of Scotland,Scotland,56.46569985,-3.001526,14,"[-2.9977,56.457658],[-2.973038,56.458384],[-2.937131,56.481553],[-3.341478,56.592174],[-2.9977,56.457658]"
Fife,East of Scotland,Scotland,56.19410242,-3.144836426,10,"[-3.389356,56.026818],[-3.235324,56.058783],[-3.008029,56.186075],[-2.790372,56.341078],[-3.016018,56.316406],[-3.421181,56.229322],[-3.457467,56.071787],[-3.419161,56.037495],[-3.389356,56.026818]"
Perth and Kinross,East of Scotland,Scotland,56.29287117,-3.717230558,16,"[-3.717225,56.292871]"
Argyll,Highland and Islands,Scotland,56.42808375,-5.54397583,12,"[-5.451373,56.006029],[-5.432949,56.038334],[-5.473727,56.411901],[-5.698747,56.465958],[-5.451373,56.006029]"
Inverness and District,Highland and Islands,Scotland,57.78466676,-4.339599609,8,"[-4.052279,57.080259],[-3.609326,57.332158],[-3.095738,58.441343],[-2.956524,58.982355],[-5.246783,58.153827],[-6.578121,57.435013],[-4.052279,57.080259]"
Lochaber,Highland and Islands,Scotland,56.83112987,-5.484237671,11,"[-5.763475,56.7616],[-5.103092,56.820367],[-5.095457,56.826416],[-5.847541,56.910774],[-5.763475,56.7616]"
Moray and District,Highland and Islands,Scotland,57.63272125,-3.282852173,11,"[-2.949766,57.542838],[-2.976686,57.673494],[-3.28373,57.720931],[-3.394977,57.699751],[-3.611869,57.609337],[-2.949766,57.542838]"
Western Isles,Highland and Islands,Scotland,58.20994224,-6.385813951,18,"[-7.487706,56.955611],[-6.387963,58.210659]"
Ayrshire and South West Scotland,South West Scotland,Scotland,55.17180215,-4.196777344,9,"[-4.054823,54.83547],[-3.262271,54.98691],[-3.355952,55.12276],[-4.264801,55.456002],[-4.642543,55.559185],[-4.663273,55.543499],[-4.855534,55.241042],[-5.025229,54.904834],[-4.054823,54.83547]"
Dumbarton,South West Scotland,Scotland,55.97660839,-4.650768,12,"[-4.56706,55.947569],[-4.586169,55.988845],[-4.734476,56.005626],[-4.56706,55.947569]"
Inverclyde,South West Scotland,Scotland,55.89485688,-4.8729975,11,"[-5.052941,55.836127],[-4.693054,55.934623],[-4.765032,55.952802],[-4.772118,55.953541],[-4.930402,55.950396],[-5.052941,55.836127]"
North and East Ayrshire,South West Scotland,Scotland,55.69171231,-4.622497559,11,"[-4.604343,55.594951],[-4.482586,55.5971],[-4.323335,55.607205],[-4.28148,55.609879],[-4.633226,55.752686],[-4.870468,55.793816],[-4.811222,55.643379],[-4.794073,55.637586],[-4.604343,55.594951]"
Paisley and District,South West Scotland,Scotland,55.85730245,-4.477272034,12,"[-4.389542,55.799291],[-4.392578,55.878397],[-4.465213,55.908367],[-4.576268,55.85515],[-4.520248,55.832993],[-4.389542,55.799291]"
Clydebank and District,Glasgow,Scotland,55.91625672,-4.4437705,13,"[-4.405902,55.90173],[-4.13964,55.940298],[-4.416737,55.924152],[-4.405902,55.90173]"
Glasgow East,Glasgow,Scotland,55.84135114,-4.171199799,13,"[-4.199778,55.807427],[-4.1402102,55.810632],[-4.109928,55.852149],[-4.191026,55.868338],[-4.213168,55.862481],[-4.213344,55.829373],[-4.199778,55.807427]"
Glasgow North West,Glasgow,Scotland,55.89037002,-4.3166595,13,"[-4.264523,55.838202],[-4.245511,55.846415],[-4.220229,55.87087],[-4.228427,55.911273],[-4.313759,55.942343],[-4.42515,55.910475],[-4.378099,55.888666],[-4.264523,55.838202]"
Glasgow South,Glasgow,Scotland,55.84226544,-4.293079376,13,"[-4.281438,55.788592],[-4.231694,55.805131],[-4.244141,55.855337],[-4.332714,55.897767],[-4.361516,55.847639],[-4.351351,55.818732],[-4.348569,55.817347],[-4.29789,55.795206],[-4.281438,55.788592]"
Monklands,Glasgow,Scotland,55.86283778,-4.008464813,13,"[-3.944064,55.840647],[-3.965157,55.861014],[-3.975462,55.870837],[-3.997072,55.885155],[-4.078071,55.856264],[-4.039818,55.844426],[-3.944064,55.840647]"
Antrim,Northern Ireland,Northern Ireland,54.77392676,-6.081619263,11,"[-6.04948,54.510741],[-5.885764,54.517971],[-5.710187,54.752392],[-5.813474,54.85317],[-6.064754,55.080391],[-6.255014,55.1995653],[-6.648597,55.202968],[-6.460101,54.75165],[-6.04948,54.510741]"
Armagh,Northern Ireland,Northern Ireland,54.36096407,-6.469573975,10,"[-6.5995805,54.0814182],[-6.338506,54.174585],[-6.170899,54.512739],[-6.572161,54.510463],[-6.838692,54.353259],[-6.5995805,54.0814182]"
Derry,Northern Ireland,Northern Ireland,54.99644635,-7.320971489,14,"[-6.609067,54.754376],[-6.605501,54.755979],[-6.5654959,54.9533729],[-6.677468,55.129938],[-6.713361,55.186251],[-7.316944,55.031147],[-7.34452,54.996329],[-6.781544,54.795579],[-6.609067,54.754376]"
Fermanagh,Northern Ireland,Northern Ireland,54.29318949,-7.4074095,12,"[-7.17256,54.239472],[-7.639624,54.47205],[-8.089211,54.4793247],[-7.442695,54.252308],[-7.17256,54.239472]"
Tyrone,Northern Ireland,Northern Ireland,54.6178089,-7.073822021,10,"[-6.976073,54.414291],[-6.697967,54.414748],[-6.603959,54.558216],[-6.75702,54.646643],[-7.460626,54.825149],[-7.591065,54.713076],[-7.458754,54.513372],[-6.976073,54.414291]"
Cork,Republic of Ireland,Republic of Ireland,51.89041846,-8.467025757,13,"[-9.546399,51.5250752],[-9.2694418,51.5495554],[-9.0326761,51.5769523],[-8.5272426,51.7062302],[-7.8458696,51.94609],[-8.6834477,52.3564322],[-9.1879469,52.2106045],[-9.9006921,51.6518687],[-9.546399,51.5250752]"
Donegal,Republic of Ireland,Republic of Ireland,54.86475329,-7.852478027,9,"[-8.2790279,54.4751815],[-7.8320339,54.54943],[-7.4900501,54.8342096],[-7.2567606,55.250877],[-7.9712811,55.1814693],[-8.2884522,55.0773783],[-8.6327484,54.6577244],[-8.2790279,54.4751815]"
Dublin,Republic of Ireland,Republic of Ireland,53.36628319,-6.275939941,11,"[-6.1195863,53.2195906],[-6.104721,53.3897196],[-6.0965632,53.5229205],[-6.1064587,53.5798933],[-6.1789662,53.6073748],[-6.3838382,53.565334],[-6.5014007,53.2994661],[-6.468021,53.2825255],[-6.1195863,53.2195906]"
Galway,Republic of Ireland,Republic of Ireland,53.31076155,-8.871459961,10,"[-9.6637949,53.1052788],[-8.9404631,53.1396642],[-8.5689437,53.1970496],[-8.5659046,53.1977806],[-8.2363778,53.3252373],[-8.5670781,53.5999433],[-9.9473815,53.5529085],[-9.8112662,53.3212325],[-9.6637949,53.1052788]"
Kerry,Republic of Ireland,Republic of Ireland,52.24880671,-9.060974121,9,"[-10.1735945,51.8286893],[-9.5835202,51.8801017],[-9.4880047,52.0596375],[-9.3697475,52.4629023],[-9.3738407,52.5693486],[-9.6753927,52.5172099],[-10.2749786,52.1447166],[-10.2642501,51.8336219],[-10.1735945,51.8286893]"
Wicklow,Republic of Ireland,Republic of Ireland,53.00067894,-6.2897037,10,"[-6.4568256,52.7970301],[-6.1663672,52.7975257],[-6.0451453,52.9794746],[-6.0623654,53.1464318],[-6.1068136,53.2033717],[-6.1166463,53.2090239],[-6.5342621,53.1688545],[-6.4568256,52.7970301]"
